lon_fit,lat_fit,ele_fit,width,depth,dist,Wetland,Wetland_2,Wetland_3,Wetland_4,Wetland_5,CatchmentSize_ha,Date,pCO2_ppm,F_CO2_umol_m2_s,flux_umolpers,Flux_gCO2asCperM2perDay,Totalflux_umolpers,WaterTemp_c,AirTemp_c,air_pressure_hpa,surface_area,DOC,TDN,pCO2_air_ppm,air_pressure_atm,water_pressure_atm,pCO2_w_atm,pCO2_air_atm,KH_mol.l.atm,KH_mol.m3.atm,Flux_mol_m2_d,k_m_d,Sc,K600
-78.19410084,-0.314707413,4267.13121,35.5,20.5,450.1685604,ANTE,Antenas,ANTE,ANTE,ANTE,10.1124,7/6/21,1008.527805,1.075,3.07858956,1.11456,39.65794318,8.5785,6.866,626.4494,2.863804242,3.958,0.09001,416.45,0.605414872,0.61922535,0.000624506,0.000252125,0.056696463,56.69646267,0.09288,4.399251353,1122.617285,6.017540384
-78.19405211,-0.314734413,4267.193224,10,4,443.9671375,ANTE,Antenas,ANTE,ANTE,ANTE,10.0629,7/5/21,785.6929274,0.11,0.105950414,0.114048,36.57935362,9.31775,6.669,627.5174,0.963185584,3.866,0.1229,416.45,0.606461562,0.620279384,0.000487349,0.000252561,0.055446415,55.44641483,0.009504,0.730056845,1074.345792,0.976906717
-78.19391905,-0.314820413,4268.199467,17.5,3.77,426.3215538,ANTE,Antenas,ANTE,ANTE,ANTE,6.1272,7/5/21,1744.438456,0.093333333,0.209692408,NA,36.4734032,8.7295,6.663,627.7264,2.246704369,NA,NA,416.45,0.606548659,0.620485651,0.001082399,0.000252597,0.05643832,56.43832029,0.008064,0.172187668,1112.541606,0.234468523
-78.19383481,-0.314887413,4272.298126,17,4,414.3369614,ANTE,Antenas,ANTE,ANTE,ANTE,6.0975,7/5/21,2425.550391,0.373333333,1.044437166,NA,36.2637108,9.09625,6.667,627.6114,2.797599552,NA,NA,416.45,0.605949755,0.620372155,0.001504744,0.000252348,0.05581736,55.81736033,0.032256,0.46142327,1088.533353,0.621505159
-78.19369663,-0.315026413,4275.542664,17.5,13,392.5013554,ANTE,Antenas,ANTE,ANTE,ANTE,5.9571,7/5/21,1026.038211,0.223333333,0.914670083,NA,35.21927363,8.905,6.666,627.7364,4.095537686,NA,NA,416.45,0.605688868,0.62049552,0.000636652,0.000252239,0.056140115,56.14011505,0.019296,0.894120274,1100.971708,1.21117918
-78.19361057,-0.315128413,4275.676881,66.5,22.25,377.6445531,ANTE,Antenas,ANTE,ANTE,ANTE,5.5764,7/6/21,563.8440146,0.075,0.293093584,0.07776,34.30460355,8.6765,6.868,626.3104,3.907914454,3.413,0.1029,416.45,0.604265619,0.619088168,0.000349069,0.000251646,0.056528761,56.52876092,0.00648,1.176644304,1116.065287,1.60477582
-78.19359638,-0.315145413,4275.687063,66.5,22.25,375.1796192,ANTE,Antenas,ANTE,ANTE,ANTE,5.5755,7/5/21,548.8156906,0.08,0.185922413,0.082944,34.01150996,8.41425,6.666,627.9044,2.324030167,3.018,0.07629,416.45,0.605837569,0.620661324,0.000340629,0.000252301,0.056978914,56.97891414,0.006912,1.373387361,1133.70568,1.887850427
-78.19357953,-0.315165413,4275.80655,56.5,15,372.2681579,ANTE,Antenas,ANTE,ANTE,ANTE,5.5107,7/6/21,316.8696346,-0.01,-0.154120123,-0.010368,33.82558755,8.6765,6.868,626.3104,15.41201234,NA,NA,416.45,0.604250263,0.619088168,0.00019617,0.00025164,0.056528761,56.52876092,-0.000864,0.275542015,1116.065287,0.375800199
-78.19309548,-0.3152581,4296.348541,54,7.25,303.4471123,ANTE,Antenas,ANTE,ANTE,ANTE,5.3289,7/6/21,522.9615036,0.265,4.313454692,0.274752,33.97970767,8.782,6.872,626.3554,16.27718752,NA,NA,416.45,0.60186187,0.619132579,0.000323783,0.000250645,0.056348909,56.34890896,0.022896,5.555666878,1109.064763,7.553339853
-78.19283657,-0.315412145,4301.504075,37.5,12,265.8126506,ANTE,Antenas,ANTE,ANTE,ANTE,5.2578,7/6/21,1311.062431,0.285,3.986573422,0.295488,29.66625298,8.96025,6.876,626.3154,13.98797692,NA,NA,416.45,0.601211819,0.619093102,0.00081167,0.000250375,0.056046639,56.04663857,0.024624,0.782740531,1097.360313,1.058563274
-78.19276832,-0.315590145,4301.832308,41.5,94,244.16928,ANTE,Antenas,ANTE,ANTE,ANTE,4.8294,7/6/21,1209.46321,0.285,4.332871007,0.295488,25.67967956,9.0615,6.879,626.3334,15.20305617,NA,NA,416.45,0.601190711,0.619110867,0.000748792,0.000250366,0.055875834,55.87583393,0.024624,0.884166271,1090.780333,1.192139197
-78.19266507,-0.315761145,4302.222193,45.5,14.5,221.7485368,ANTE,Antenas,ANTE,ANTE,ANTE,4.3722,7/6/21,1272.841318,0.235,3.160431221,0.243648,21.34680855,9.0615,6.879,626.3334,13.4486435,NA,NA,416.45,0.601144536,0.619110867,0.00078803,0.000250347,0.055875834,55.87583393,0.020304,0.675820061,1090.780333,0.911221805
-78.1925583,-0.316121145,4306.77104,60,18,174.6643894,ANTE,Antenas,ANTE,ANTE,ANTE,3.9591,7/6/21,928.338098,0.11,1.744993484,0.114048,18.18637733,9.195,6.884,626.2784,15.86357713,NA,NA,416.45,0.600551532,0.619056586,0.000574694,0.0002501,0.055651606,55.65160645,0.009504,0.526123939,1082.179484,0.706581213
-78.19236386,-0.316258145,4309.072122,113.5,20,148.0300794,ANTE,Antenas,ANTE,ANTE,ANTE,3.0609,7/6/21,1578.686108,0.245,7.468277686,0.254016,16.44138385,9.337,6.89,626.4394,30.48276607,NA,NA,416.45,0.600437908,0.619215481,0.000977547,0.000250052,0.055414321,55.41432094,0.021168,0.52508316,1073.123726,0.702226741
-78.1922171,-0.317096145,4314.422195,33,13.5,46.46553906,ANTE,Antenas,ANTE,ANTE,ANTE,0.5553,7/5/21,11459.57361,1.365,0,1.415232,4.734350404,8.41425,6.666,627.9044,0,2.809,0.101,416.45,0.601250137,0.620661324,0.007112514,0.000250391,0.056978914,56.97891414,0.117936,0.301629417,1133.70568,0.414618075
-78.19221589,-0.317135145,4314.845122,33,13.5,42.12155203,ANTE,Antenas,ANTE,ANTE,ANTE,0.5517,7/5/21,1132.429194,0.055,0.225474735,0.057024,4.734350404,8.53875,6.662,627.8904,4.09954063,3.059,0.09726,416.45,0.601186232,0.620647507,0.000702839,0.000250364,0.05676466,56.76465965,0.004752,0.185013522,1125.28843,0.253372672
-78.19220306,-0.317253145,4316.716075,24,7.5,28.90388363,ANTE,Antenas,ANTE,ANTE,ANTE,0.4698,7/5/21,1276.566228,0.085,0.326134215,0.088128,4.50887567,8.905,6.666,627.7364,3.836873112,NA,NA,416.45,0.600812668,0.62049552,0.000792104,0.000250208,0.056140115,56.14011505,0.007344,0.241403784,1100.971708,0.327006607
-78.19218118,-0.317380145,4319.310512,38,3.5,14.55628335,ANTE,Antenas,ANTE,ANTE,ANTE,0.3159,7/5/21,5341.61136,1,4.092839941,1.0368,4.182741455,9.09625,6.667,627.6114,4.092839941,3.226,0.125,416.45,0.600382041,0.620372155,0.003313787,0.000250029,0.05581736,55.81736033,0.0864,0.505231024,1088.533353,0.680511167
-78.1921692,-0.316536145,4312.018482,31,9,110.1921652,ANTE,Antenas,ANTE,ANTE,ANTE,2.5047,7/6/21,4894.492681,0.255,4.238755756,0.264384,8.97310616,9.337,6.89,626.4394,16.62257159,2.405,0.1359,416.45,0.600088968,0.619215481,0.003030746,0.000249907,0.055414321,55.41432094,0.022032,0.14297369,1073.123726,0.19120771
-78.19214109,-0.317504145,4322.593278,10,3,0,ANTE,Antenas,ANTE,ANTE,ANTE,0.2025,7/5/21,NA,0.083333333,0.089901514,NA,0.089901514,NA,NA,NA,1.07881817,NA,NA,416.45,NA,NA,NA,NA,NA,NA,0.0072,NA,NA,NA
-78.19976445,-0.347530411,3898.481785,500,30.5,1070.935823,COLM,Colmillo,COLM,COLM,COLM,193.833,7/6/21,921.4522092,1.005,36.0403978,1.041984,1320.645307,6.978,6.849,626.8694,35.86109234,NA,NA,416.45,0.649488825,0.619639858,0.000570969,0.00027048,0.059524255,59.52425458,0.086832,4.854644275,1236.626974,6.969492336
-78.19975087,-0.346920411,3899.003342,175,53.5,1002.255376,COLM,Colmillo,COLM,COLM,COLM,193.8069,7/6/21,849.2232479,0.22,26.76235928,0.228096,1239.967634,6.978,6.847928571,626.9213643,121.6470877,NA,NA,416.45,0.649478341,0.619691143,0.000526256,0.000270475,0.059524255,59.52425458,0.019008,1.248459327,1236.626974,1.792330646
-78.1997358,-0.347230411,3898.863607,590,22,1036.839049,COLM,Colmillo,COLM,COLM,COLM,193.8177,7/6/21,1103.597847,1.485,44.63727485,1.539648,1284.604909,6.978,6.847,626.9664,30.05877094,NA,NA,416.45,0.649539337,0.619735589,0.000683939,0.000270501,0.059524255,59.52425458,0.128304,5.213574981,1236.626974,7.484785458
-78.19967273,-0.347920411,3897.820983,112.5,20.5,1117.91863,COLM,Colmillo,COLM,COLM,COLM,193.8402,7/6/21,987.1542729,2.15,121.8014268,2.22912,1442.446733,7.079,6.852,626.8684,56.65182642,NA,NA,416.45,0.649566097,0.619638871,0.000611679,0.000270512,0.059340733,59.34073322,0.18576,9.175543997,1229.026702,13.13218088
-78.19956692,-0.348310411,3897.523723,104.5,40.5,1164.414129,COLM,Colmillo,COLM,COLM,COLM,193.8555,7/6/21,979.2442331,1.06,54.36167589,1.099008,1496.808409,7.129,6.853,626.7424,51.28459989,NA,NA,416.45,0.64947695,0.619514519,0.000606656,0.000270475,0.059250139,59.25013935,0.091584,4.597869309,1225.285123,6.570517519
-78.1993405,-0.348780411,3896.444919,89,85,1223.971345,COLM,Colmillo,COLM,COLM,COLM,210.2958,7/6/21,NA,2.675,122.3442756,2.77344,1619.152685,NA,NA,NA,45.73617778,NA,NA,416.45,NA,NA,NA,NA,NA,NA,0.23112,NA,NA,NA
-78.1992679,-0.348860411,3895.989738,88,72,1236.194501,COLM,Colmillo,COLM,COLM,COLM,210.3696,7/6/21,1022.632975,1.345,31.49760514,1.394496,1650.65029,7.179,6.855,626.7694,23.41829378,NA,NA,416.45,0.649685268,0.619541166,0.000633563,0.000270561,0.059159716,59.15971604,0.116208,5.411294533,1221.557339,7.721158653
-78.19996523,-0.346350411,3899.002867,165,28,933.2268754,COLM,Colmillo,COLM,COLM,COLM,190.8738,7/7/21,836.6046946,0.135,10.31259008,0.139968,1120.018276,8.68,6.899,625.6314,76.38955613,NA,NA,416.45,0.648205302,0.618418047,0.000517371,0.000269945,0.056522783,56.52278291,0.011664,0.83402302,1115.832165,1.137370215
-78.19994467,-0.346520411,3899.002999,165,28,952.534841,COLM,Colmillo,COLM,COLM,COLM,193.1535,7/7/21,1345.388003,0.08,5.170667278,0.082944,1125.188943,8.7295,6.903,625.7264,64.63334097,1.719,0.0869,416.45,0.648299044,0.618511805,0.000832138,0.000269984,0.05643832,56.43832029,0.006912,0.21785833,1112.541606,0.296658418
-78.19993737,-0.346140411,3899.735309,154,24,909.6432784,COLM,Colmillo,COLM,COLM,COLM,190.4778,7/7/21,819.375235,1.81,47.15564017,1.876608,1109.705686,8.68,6.899,625.6314,26.05283987,1.507,0.0712,416.45,0.648118558,0.618418047,0.000506716,0.000269909,0.056522783,56.52278291,0.156384,11.68351185,1115.832165,15.93298754
-78.1999367,-0.346540411,3899.003016,143,20,954.9547151,COLM,Colmillo,COLM,COLM,COLM,193.3668,7/7/21,1257.75926,0.44,88.0163318,0.456192,1213.205275,8.481,6.888,625.6324,200.0371177,NA,NA,416.45,0.648206271,0.618419034,0.000777822,0.000269946,0.056863919,56.86391884,0.038016,1.316349729,1129.183175,1.805834153
-78.19986573,-0.345870411,3903.098292,128,40,878.3681408,COLM,Colmillo,COLM,COLM,COLM,190.3257,7/7/21,764.1083701,0.785,35.41739974,0.813888,1062.550045,8.581,6.897,625.6534,45.11770668,NA,NA,416.45,0.64774199,0.618439759,0.000472555,0.000269752,0.056692177,56.69217693,0.067824,5.899106308,1122.449551,8.06852247
-78.19973816,-0.345690411,3906.476466,105.5,20,853.8253044,COLM,Colmillo,COLM,COLM,COLM,187.7076,7/7/21,754.3712352,0,0,0,1027.132646,8.507923077,6.890692308,625.6620154,63.64807351,1.642,0.07594,416.45,0.647350413,0.618448262,0.00046654,0.000269589,0.056817618,56.81761751,0,0,1127.365372,0
-78.19954955,-0.345230411,3911.819395,110,16.5,795.2167193,COLM,Colmillo,COLM,COLM,COLM,175.5684,7/7/21,1245.17563,0.33,39.89821594,0.342144,1027.132646,8.531,6.893,625.6874,120.9036847,NA,NA,416.45,0.646742698,0.618473315,0.000770108,0.000269336,0.056777968,56.77796771,0.028512,1.00278513,1125.810135,1.373614407
-78.19879954,-0.341940411,3931.936076,52,45.5,259.551666,COLM,Colmillo,COLM,COLM,COLM,80.2872,7/7/21,727.4525297,1.73,20.92997959,1.793664,98.66875255,7.832,6.872,626.0604,12.0982541,1.569,0.08167,416.45,0.644728386,0.618841437,0.000450178,0.000268497,0.057994274,57.99427406,0.149472,14.18620057,1174.116587,19.84477057
-78.19868222,-0.341540411,3935.450216,38,38.5,208.1086889,COLM,Colmillo,COLM,COLM,COLM,80.2476,7/7/21,840.9457288,2.47,25.65768138,2.560896,71.14315183,7.832,6.872,626.0604,10.38772525,1.505,0.06122,416.45,0.644312203,0.618841437,0.000520412,0.000268324,0.057994274,57.99427406,0.213408,14.59731509,1174.116587,20.41986982
-78.19860447,-0.342140411,3930.637613,43,64.5,290.942333,COLM,Colmillo,COLM,COLM,COLM,105.3261,7/7/21,1011.31155,0.625,21.90152695,0.648,120.5702795,7.882,6.872,625.9294,35.04244312,NA,NA,416.45,0.644752877,0.61871215,0.000625711,0.000268507,0.057906209,57.9062093,0.054,2.610676323,1170.577615,3.646510871
-78.19852276,-0.344560411,3922.707348,30,25.5,654.3711052,COLM,Colmillo,COLM,COLM,COLM,174.3336,7/7/21,1318.547174,4.315,375.287493,4.473792,987.2344297,8.382,6.882,625.6834,86.97276779,NA,NA,416.45,0.645449281,0.618469367,0.000815481,0.000268797,0.057034577,57.03457653,0.372816,11.9569444,1135.898727,16.45183674
-78.19826536,-0.343890411,3925.455883,56.5,46,555.0581202,COLM,Colmillo,COLM,COLM,COLM,171.0621,7/7/21,1218.528675,1.95,46.45760715,2.02176,559.7518378,8.182,6.877,625.5754,23.82441392,NA,NA,416.45,0.645017182,0.618362779,0.000753493,0.000268617,0.057381273,57.38127283,0.16848,6.055472695,1149.616514,8.382024423
-78.19821968,-0.344100411,3924.651575,70,75,580.5325716,COLM,Colmillo,COLM,COLM,COLM,172.3824,7/7/21,1313.90785,1.185,36.55686787,1.228608,596.3087056,8.232,6.879,625.5334,30.84967753,NA,NA,416.45,0.645070986,0.618321328,0.000812417,0.00026864,0.057294355,57.29435541,0.102384,3.286238455,1146.168011,4.542004811
-78.19818622,-0.344320411,3923.856088,87.5,71,607.8024248,COLM,Colmillo,COLM,COLM,COLM,173.1636,7/7/21,1340.152269,1.23,15.63823108,1.275264,611.9469367,8.282,6.881,625.6254,12.71400901,NA,NA,416.45,0.645255994,0.618412125,0.000828766,0.000268717,0.0572076,57.20760045,0.106272,3.316948022,1142.732243,4.577573029
-78.19807751,-0.343660411,3926.42748,60.5,61,522.1127788,COLM,Colmillo,COLM,COLM,COLM,169.7769,7/7/21,1019.784908,2.105,47.71586985,2.182464,513.2942306,8.182,6.877,625.5754,22.66787166,NA,NA,416.45,0.644902115,0.618362779,0.000630597,0.000268569,0.057381273,57.38127283,0.181872,8.754957681,1149.616514,12.11866898
-78.19791545,-0.343410411,3927.779235,31.5,24,488.8557894,COLM,Colmillo,COLM,COLM,COLM,169.7688,7/7/21,1250.423056,2.31,55.22378311,2.395008,465.5783608,8.082,6.875,625.6154,23.90639962,NA,NA,416.45,0.644781503,0.618402256,0.000773264,0.000268519,0.057555597,57.55559652,0.199584,6.870146227,1156.551915,9.538342692
-78.19784387,-0.342620411,3929.160172,105,50.5,391.5225427,COLM,Colmillo,COLM,COLM,COLM,166.113,7/7/21,1273.369103,2.45,267.577282,2.54016,388.1475615,8.0325,6.873,625.5694,109.2152171,NA,NA,416.45,0.644572559,0.618356858,0.000787397,0.000268432,0.057642129,57.64212862,0.21168,7.076236743,1160.003973,9.839124758
-78.19773368,-0.342970411,3928.951287,130,74.5,432.8403863,COLM,Colmillo,COLM,COLM,COLM,166.4082,7/7/21,1055.136888,0.485,22.20701619,0.502848,410.3545777,7.983,6.872,625.7914,45.78766225,NA,NA,416.45,0.644816394,0.618575955,0.000652682,0.000268534,0.057728821,57.72882136,0.041904,1.889572787,1163.468697,2.631269624
NA,NA,NA,105,58,NA,COLM,Colmillo,COLM,COLM,COLM,NA,7/7/21,NA,2.08,NA,NA,NA,NA,NA,NA,NA,NA,NA,416.45,NA,NA,NA,NA,NA,NA,0.179712,NA,NA,NA
-78.19957917,-0.340520411,3946.810428,53.5,27,51.02666786,COLM,Colmillo,COLM,COLM,COLM,53.4267,7/9/21,NA,0.175,4.431923785,0.18144,-8.524839015,NA,NA,NA,25.32527877,2.824,0.1087,416.45,NA,NA,NA,NA,NA,NA,0.01512,NA,NA,NA
-78.19950772,-0.340090411,3948.605975,47.5,39,1.463504132,COLM,Colmillo,COLM,COLM,COLM,50.5062,7/9/21,701.356737,NA,NA,NA,NA,7.28,6.932,626.0484,19.48385383,2.753,0.1637,416.45,0.642742313,0.618829594,0.00043402,0.00026767,0.05897758,58.97757962,-0.057456,-5.856321849,1214.069096,-8.330498938
-78.19934683,-0.340800411,3944.615601,55,24,94.15681054,COLM,Colmillo,COLM,COLM,COLM,75.6369,7/9/21,883.8983801,0.16,4.869524079,0.165888,-3.655314936,7.179,6.927,626.2844,30.43452549,NA,NA,416.45,0.64344781,0.619062508,0.000547188,0.000267964,0.059159716,59.15971604,0.013824,0.836862507,1221.557339,1.194085473
-78.19907918,-0.341160411,3940.952225,69,34.5,145.2527314,COLM,Colmillo,COLM,COLM,COLM,78.12,7/9/21,NA,1.25,47.93761597,1.296,44.28230104,NA,NA,NA,38.35009278,NA,NA,416.45,NA,NA,NA,NA,NA,NA,0.108,NA,NA,NA
-78.19879791,-0.341780411,3933.003971,68.5,29,240.2440575,COLM,Colmillo,COLM,COLM,COLM,80.2764,7/9/21,NA,0.505,6.595621136,0.523584,77.73877297,NA,NA,NA,13.06063591,NA,NA,416.45,NA,NA,NA,NA,NA,NA,0.043632,NA,NA,NA
-78.19878283,-0.341450411,3936.665451,NA,NA,193.670567,COLM,Colmillo,COLM,COLM,COLM,79.4763,7/9/21,761.8216451,0.075,1.203169417,0.07776,45.48547045,7.129,6.925,626.2944,16.0422589,NA,NA,416.45,0.644399222,0.619072377,0.000471623,0.00026836,0.059250139,59.25013935,0.00648,0.538056622,1225.285123,0.768901903
-78.20227,-0.3304933,4073.206,40.5,3.5,238.1902,GAVItrib1,Gavilan Tributaries,Gavilan River Network,GAVItrib1,GavilanTribs,1.4985,6/23/21,5068.857,1.335,NA,1.384128,NA,9.54925,6.754,627.3704,NA,3.446,0.1113,416.45,0.629290546,0.620134306,0.003143372,0.000262068,0.055061972,55.06197162,0.115344,0.727033055,1059.763921,0.966235738
-78.20218,-0.3301748,4075.106,23,7,199.872,GAVItrib1,Gavilan Tributaries,Gavilan River Network,GAVItrib1,GavilanTribs,1.2771,6/23/21,2334.253,0.68,NA,0.705024,NA,9.3875,6.754,627.3444,NA,NA,NA,416.45,0.629039867,0.620108646,0.00144749,0.000261964,0.055330236,55.33023559,0.058752,0.895671497,1069.926041,1.196051852
-78.20203,-0.3299719,4075.916,10,2,171.9825,GAVItrib1,Gavilan Tributaries,Gavilan River Network,GAVItrib1,GavilanTribs,1.2708,6/23/21,2415.417,1.34,NA,1.389312,NA,9.226,6.755,627.5004,NA,NA,NA,416.45,0.629097898,0.620262607,0.001498193,0.000261988,0.055599698,55.59969775,0.115776,1.684440232,1080.194402,2.260117103
-78.20194027,-0.329460713,4080.116025,91.5,5.1,110.8084104,GAVItrib1,Gavilan Tributaries,Gavilan River Network,GAVItrib1,GavilanTribs,1.2285,6/23/21,4538.995188,1.015,NA,1.052352,NA,8.67125,6.753,627.6234,NA,3.651,0.2276,416.45,0.628721878,0.620383998,0.00281592,0.000261831,0.056537729,56.53772941,0.087696,0.607303014,1116.415084,0.8284049
-78.20193958,-0.329581213,4079.741435,27,1,124.3400115,GAVItrib1,Gavilan Tributaries,Gavilan River Network,GAVItrib1,GavilanTribs,1.233,6/23/21,1924.716274,0.585,NA,0.606528,NA,8.7735,6.754,627.7474,NA,NA,NA,416.45,0.628888619,0.620506377,0.001194299,0.000261901,0.056363373,56.36337321,0.050544,0.961770103,1109.626765,1.307928819
-78.20192275,-0.329803013,4077.422521,11.5,1.75,149.4211764,GAVItrib1,Gavilan Tributaries,Gavilan River Network,GAVItrib1,GavilanTribs,1.2663,6/23/21,2613.968845,0.82,NA,0.850176,NA,8.904,6.754,627.6564,NA,NA,NA,416.45,0.62907344,0.620416567,0.00162175,0.000261978,0.056141809,56.14180871,0.070848,0.928058001,1101.037208,1.257188767
-78.20184918,-0.329317413,4082.058608,16.5,5.75,91.6882921,GAVItrib1,Gavilan Tributaries,Gavilan River Network,GAVItrib1,GavilanTribs,1.2231,6/23/21,1895.811472,0.93,NA,0.964224,NA,8.46625,6.751,627.7894,NA,NA,NA,416.45,0.628655645,0.620547827,0.001176442,0.000261804,0.056889305,56.8893051,0.080352,1.544247117,1130.180608,2.119410588
-78.20173101,-0.329209813,4088.244061,31.5,4.5,73.89428625,GAVItrib1,Gavilan Tributaries,Gavilan River Network,GAVItrib1,GavilanTribs,1.1934,6/29/21,3489.783353,0.345,NA,0.357696,NA,8.95075,7.249,626.7634,NA,4.558,0.1381,416.45,0.626910514,0.619535244,0.002162044,0.000261077,0.056062698,56.06269776,0.029808,0.279694735,1097.980227,0.378360617
-78.20162978,-0.329106913,4091.655974,7,4,57.79782241,GAVItrib1,Gavilan Tributaries,Gavilan River Network,GAVItrib1,GavilanTribs,1.1304,6/29/21,11206.38178,1.15,NA,1.19232,NA,8.972,7.244,626.7364,NA,NA,NA,416.45,0.626479791,0.619508597,0.00694245,0.000260898,0.056026784,56.02678376,0.09936,0.265422977,1096.59418,0.358827615
-78.20159759,-0.328829913,4098.724497,44,2,25.57649902,GAVItrib1,Gavilan Tributaries,Gavilan River Network,GAVItrib1,GavilanTribs,0.9486,6/29/21,11098.654,3.005,NA,3.115584,NA,8.75275,7.232,626.7564,NA,NA,NA,416.45,0.625662399,0.619528336,0.006875931,0.000260557,0.056398702,56.39870225,0.259632,0.695880612,1111.000195,0.9469263
-78.20158192,-0.328979313,4094.147599,44,2,42.33414533,GAVItrib1,Gavilan Tributaries,Gavilan River Network,GAVItrib1,GavilanTribs,1.0269,6/29/21,7979.266913,0.205,NA,0.212544,NA,8.90575,7.239,626.7964,NA,4.961,0.1887,416.45,0.626243922,0.619567813,0.004943697,0.000260799,0.056138845,56.13884485,0.017712,0.067373555,1100.922585,0.091262472
-78.20152703,-0.328625413,4101.086326,NA,NA,0,GAVItrib1,Gavilan Tributaries,Gavilan River Network,GAVItrib1,GavilanTribs,0.5391,6/29/21,5319.166243,1.26,NA,1.306368,NA,8.6925,7.224,626.8284,NA,NA,NA,416.45,0.625453744,0.619599394,0.003295752,0.00026047,0.056501439,56.50143924,0.108864,0.634783654,1115.000078,0.865341553
-78.20152703,-0.328625413,4101.086326,NA,NA,0,GAVItrib1,Gavilan Tributaries,Gavilan River Network,GAVItrib1,GavilanTribs,0.5265,6/29/21,11095.729,1.675,NA,1.73664,NA,8.6375,7.22,626.9514,NA,NA,NA,416.45,0.625575136,0.619720786,0.006876254,0.000260521,0.056595426,56.5954259,0.14472,0.386517573,1118.667025,0.527769194
-78.20318554,-0.331215773,4063.573561,36,5,74.94060768,GAVItrib2,Gavilan Tributaries,Gavilan River Network,GAVItrib2,GavilanTribs,17.5878,6/23/21,1404.899821,2.28,NA,2.363904,NA,11.45275,6.775,626.9454,NA,2.786,0.07962,416.45,0.630011881,0.619714864,0.000870637,0.000262368,0.052022622,52.02262165,0.196992,6.225307035,948.8512132,7.828601907
-78.20316861,-0.330963273,4066.646854,32,4,46.7681834,GAVItrib2,Gavilan Tributaries,Gavilan River Network,GAVItrib2,GavilanTribs,18.2466,6/23/21,1460.886328,2.59,NA,2.685312,NA,11.34625,6.772,626.9774,NA,NA,NA,416.45,0.62967949,0.619746446,0.000905379,0.00026223,0.052187105,52.18710544,0.223776,6.667125659,954.6554485,8.409813081
-78.2031338,-0.330699873,4068.707018,44.5,6.5,17.17957104,GAVItrib2,Gavilan Tributaries,Gavilan River Network,GAVItrib2,GavilanTribs,16.5654,6/23/21,2019.293163,0.5,NA,0.5184,NA,10.8625,6.763,627.0124,NA,NA,NA,416.45,0.629470045,0.619780988,0.00125152,0.000262143,0.052942381,52.94238076,0.0432,0.824742921,981.597717,1.054896232
-78.20310205,-0.330560773,4069.821719,35.5,5.5,1.292980166,GAVItrib2,Gavilan Tributaries,Gavilan River Network,GAVItrib2,GavilanTribs,17.0406,6/23/21,3573.983273,0.655,NA,0.679104,NA,10.638,6.761,627.0104,NA,1.835,0.07048,416.45,0.629336056,0.619779014,0.00221508,0.000262087,0.053297482,53.29748184,0.056592,0.543685441,994.4300665,0.699937403
-78.20095874,-0.327111639,4109.03935,110,48,10.57274833,GAVItrib3,Gavilan Tributaries,Gavilan River Network,GAVItrib3,GavilanTribs,0.1107,6/30/21,1834.589139,0.105,NA,0.108864,NA,8.5275,6.823,626.0904,NA,NA,NA,416.45,0.623783512,0.618871045,0.001135374,0.000259775,0.056783979,56.78397906,0.009072,0.182461709,1126.045842,0.249962091
-78.20095407,-0.327118239,4108.997299,NA,NA,11.47265193,GAVItrib3,Gavilan Tributaries,Gavilan River Network,GAVItrib3,GavilanTribs,0.1764,6/29/21,2074.690358,0.105,NA,0.108864,NA,7.8905,7.196,627.1124,NA,NA,NA,416.45,0.624797128,0.61987968,0.001286058,0.000260197,0.057891255,57.89125471,0.009072,0.15275706,1169.97729,0.213311556
-78.20091729,-0.327175439,4108.933292,24.5,3.5,19.04367862,GAVItrib3,Gavilan Tributaries,Gavilan River Network,GAVItrib3,GavilanTribs,0.2943,6/30/21,1334.11874,0.255,NA,0.264384,NA,8.31275,6.768,626.1864,NA,NA,NA,416.45,0.623890817,0.618965789,0.000825774,0.000259819,0.057154327,57.15432669,0.022032,0.681119433,1140.625551,0.9391159
-78.200883,-0.327227939,4108.933102,21.25,3,26.02592192,GAVItrib3,Gavilan Tributaries,Gavilan River Network,GAVItrib3,GavilanTribs,0.4293,6/30/21,2015.453656,0.465,NA,0.482112,NA,8.36025,6.809,626.2334,NA,NA,NA,416.45,0.623937225,0.619012175,0.00124759,0.000259839,0.057072154,57.0721542,0.040176,0.712680124,1137.380717,0.981232564
-78.20077071,-0.327339039,4106.817377,20.5,3.5,43.70607485,GAVItrib3,Gavilan Tributaries,Gavilan River Network,GAVItrib3,GavilanTribs,0.5364,6/29/21,4965.087468,0.905,NA,0.938304,NA,8.0465,7.198,627.0824,NA,2.645,0.09103,416.45,0.62502569,0.619850073,0.00307761,0.000260292,0.057617639,57.61763862,0.078192,0.481693754,1159.02635,0.66948684
-78.19970056,-0.325404711,4121.711353,66.5,32.5,137.6898395,Gavi-mainstem,Gavilan Mainstem,Gavilan River Network,Gavilan Inlet,Gavilan Inlet,40.8771,6/30/21,544.0804486,0.015,0.081714981,0.015552,57.73953225,8.57975,6.828,626.2084,5.447665385,NA,NA,416.45,0.622399213,0.618987502,0.000336779,0.000259198,0.05669432,56.69431975,0.001296,0.294653054,1122.533414,0.403027759
-78.19960552,-0.324216711,4148.748203,47.5,39,3.043758344,Gavi-mainstem,Gavilan Mainstem,Gavilan River Network,Gavilan Inlet,Gavilan Inlet,38.7225,6/30/21,566.4882038,0.09,0.30702883,0.093312,0.30702883,8.15625,6.786,626.1104,3.411431448,8.737,0.2291,416.45,0.619100499,0.618890783,0.000350594,0.000257824,0.057426099,57.4260988,0.007776,1.459619752,1151.397477,2.021979477
-78.19961549,-0.325087711,4132.130382,50,27.5,101.1217373,Gavi-mainstem,Gavilan Mainstem,Gavilan River Network,Gavilan Inlet,Gavilan Inlet,40.3992,6/30/21,619.022998,0.295,5.872704375,0.305856,51.50746892,8.50775,6.829,626.2664,19.90747246,NA,NA,416.45,0.621222521,0.619044743,0.000383203,0.000258708,0.056817915,56.81791502,0.025488,3.603289906,1127.377046,4.939217763
-78.19970624,-0.325621711,4115.551479,98,28,161.9119878,Gavi-mainstem,Gavilan Mainstem,Gavilan River Network,Gavilan Inlet,Gavilan Inlet,40.9014,6/29/21,496.5489676,0.16,2.353936894,0.165888,60.09346915,8.3385,7.206,626.9874,14.71210559,NA,NA,416.45,0.623897545,0.619756315,0.000307739,0.000259822,0.057109762,57.10976243,0.013824,5.051632022,1138.865094,6.959727303
-78.19965015,-0.324669711,4135.948116,53.5,27,54.1434052,Gavi-mainstem,Gavilan Mainstem,Gavilan River Network,Gavilan Inlet,Gavilan Inlet,39.825,6/30/21,788.703259,0.235,2.761856806,0.243648,16.07052172,8.2105,6.801,626.2524,11.75258215,NA,NA,416.45,0.620756567,0.619030926,0.000488232,0.000258514,0.05733171,57.33170997,0.020304,1.541673367,1147.649304,2.132167619
-78.19985739,-0.326101711,4109.616035,40,34.5,219.3833764,Gavi-mainstem,Gavilan Mainstem,Gavilan River Network,Gavilan Inlet,Gavilan Inlet,41.5584,6/30/21,789.0074568,0.43,0,0.445824,67.17646907,8.31275,6.768,626.1864,0,7.943,0.2281,416.45,0.623809959,0.618965789,0.000488369,0.000259786,0.057154327,57.15432669,0.037152,2.843735647,1140.625551,3.92089439
-78.19987476,-0.326342711,4108.094689,68.5,29,247.8121141,Gavi-mainstem,Gavilan Mainstem,Gavilan River Network,Gavilan Inlet,Gavilan Inlet,41.5665,6/30/21,811.6096596,0.145,0,0.150336,67.17646907,8.36025,6.809,626.2334,0,NA,NA,416.45,0.624036519,0.619012175,0.000502396,0.00025988,0.057072154,57.0721542,0.012528,0.905141821,1137.380717,1.246217761
-78.19970834,-0.325780711,4111.502335,82.5,24.5,179.6446348,Gavi-mainstem,Gavilan Mainstem,Gavilan River Network,Gavilan Inlet,Gavilan Inlet,41.1138,6/30/21,924.8185183,0.09,0.487253273,0.093312,67.17646907,8.5275,6.823,626.0904,5.413925258,NA,NA,416.45,0.623491819,0.618871045,0.000572343,0.000259653,0.056783979,56.78397906,0.007776,0.43794151,1126.045842,0.599954786
-78.19968867,-0.325347711,4122.520919,66.5,32.5,131.2083596,Gavi-mainstem,Gavilan Mainstem,Gavilan River Network,Gavilan Inlet,Gavilan Inlet,40.5378,6/29/21,921.9810527,0.54,5.292101697,0.559872,57.65781727,8.16175,7.2,626.9834,9.800188328,NA,NA,416.45,0.623068201,0.619752367,0.0005714,0.000259477,0.057416521,57.41652069,0.046656,2.605091432,1151.016792,3.608179835
-78.19962914,-0.324821711,4135.922456,75,25,71.25378084,Gavi-mainstem,Gavilan Mainstem,Gavilan River Network,Gavilan Inlet,Gavilan Inlet,40.122,6/29/21,1111.944302,2.605,29.56424283,2.700864,45.63476455,7.8905,7.196,627.1124,11.34903755,NA,NA,416.45,0.62160836,0.61987968,0.000689272,0.000258869,0.057891255,57.89125471,0.225072,9.033027701,1169.97729,12.6138143
-78.19961798,-0.325100711,4131.933789,50,27.5,102.5957333,Gavi-mainstem,Gavilan Mainstem,Gavilan River Network,Gavilan Inlet,Gavilan Inlet,40.4613,6/29/21,1215.550548,0.105,0.85824665,0.108864,52.36571557,8.0465,7.198,627.0824,8.173777615,NA,NA,416.45,0.622051133,0.619850073,0.000753459,0.000259053,0.057617639,57.61763862,0.009072,0.318466636,1159.02635,0.442624012
-78.19981325,-0.326028711,4110.967611,38,38.5,209.8900981,Gavi-mainstem,Gavilan Mainstem,Gavilan River Network,Gavilan Inlet,Gavilan Inlet,41.5575,6/29/21,1407.279904,0.61,0,0.632448,67.17646907,8.53225,7.215,626.8724,0,NA,NA,416.45,0.62432692,0.619642819,0.000872011,0.000260001,0.056775821,56.77582099,0.052704,1.516776804,1125.725969,2.077602196
-78.19960236,-0.324359711,4140.191773,72,22.5,19.106936,Gavi-mainstem,Gavilan Mainstem,Gavilan River Network,Gavilan Inlet,Gavilan Inlet,38.7549,6/29/21,1556.697444,1.22,13.00163609,1.264896,13.30866492,7.82575,7.196,627.1424,10.65707876,4.093,0.1337,416.45,0.621132349,0.619909288,0.000965011,0.000258671,0.058005294,58.00529377,0.105408,2.57271542,1174.559879,3.599595543
-78.1997043,-0.325738711,4113.203688,82.5,24.5,174.9453207,Gavi-mainstem,Gavilan Mainstem,Gavilan River Network,Gavilan Inlet,Gavilan Inlet,41.0922,6/29/21,NA,1.91,6.595746651,1.980288,66.6892158,NA,NA,NA,3.453270498,3.44,0.1274,416.45,NA,NA,NA,NA,NA,NA,0.165024,NA,NA,NA
-78.20384313,-0.331605,4053.85749,600,100,1059.218742,Gavi-mainstem,Gavilan Mainstem,Gavilan River Network,Gavilan Outlet,Gavilan Outlet,107.9568,6/22/21,443.9843501,-0.035,0,-0.036288,276.4872894,8.755,6.759,627.0644,0,NA,NA,416.45,0.631280007,0.619832308,0.000275196,0.000262897,0.05639487,56.39487007,-0.003024,-4.359757152,1110.851167,-5.932183976
-78.20359633,-0.331489,4062.590527,315,53.5,1028.845743,Gavi-mainstem,Gavilan Mainstem,Gavilan River Network,Gavilan Outlet,Gavilan Outlet,107.8146,6/22/21,466.8255368,0.75,27.73871361,0.7776,276.1727156,8.67725,6.756,627.0284,36.98495148,NA,NA,416.45,0.630210217,0.619796779,0.000289337,0.000262451,0.05652748,56.52747986,0.0648,42.63737847,1116.015328,58.15003079
-78.20378211,-0.331577,4055.615043,1000,NA,1051.743607,Gavi-mainstem,Gavilan Mainstem,Gavilan River Network,Gavilan Outlet,Gavilan Outlet,107.856,6/22/21,475.4753116,0.025,0.31457376,0.02592,276.4872894,8.6585,6.76,627.0824,12.5829504,3.747,0.1204,416.45,0.631089623,0.619850073,0.000294723,0.000262817,0.056559517,56.55951732,0.00216,1.196944149,1117.265156,1.633339212
-78.20326454,-0.331305,4066.015629,116.5,24.5,986.5435796,Gavi-mainstem,Gavilan Mainstem,Gavilan River Network,Gavilan Outlet,Gavilan Outlet,88.8309,6/22/21,537.6402185,0.43,3.465172865,0.445824,246.1685259,8.3405,6.748,627.1434,8.058541546,NA,NA,416.45,0.629918076,0.619910275,0.000333289,0.000262329,0.057106303,57.10630293,0.037152,9.168298627,1138.728499,12.63057786
-78.20327396,-0.331311,4065.992125,121,24,987.7886879,Gavi-mainstem,Gavilan Mainstem,Gavilan River Network,Gavilan Outlet,Gavilan Outlet,107.1243,6/22/21,567.7224979,0.17,2.265476075,0.176256,248.434002,8.4675,6.751,627.1004,13.32632985,3.698,0.128,416.45,0.629878421,0.619867837,0.000351913,0.000262313,0.056887153,56.88715318,0.014688,2.881643287,1130.096038,3.954779464
-78.20295142,-0.331068,4068.714959,157.5,25,942.7503274,Gavi-mainstem,Gavilan Mainstem,Gavilan River Network,Gavilan Outlet,Gavilan Outlet,88.794,6/22/21,577.62168,0.26,5.290379411,0.269568,242.7033531,8.18675,6.745,627.1784,20.34761312,NA,NA,416.45,0.629632934,0.619944817,0.000358094,0.000262211,0.057373009,57.37300868,0.022464,4.083552674,1149.288358,5.651673187
-78.20288583,-0.33101,4070.018455,157,20.5,933.0006551,Gavi-mainstem,Gavilan Mainstem,Gavilan River Network,Gavilan Outlet,Gavilan Outlet,88.7643,6/22/21,583.1253581,1.315,11.85228279,1.363392,237.4129737,7.90075,6.739,627.2604,9.013142807,NA,NA,416.45,0.629559488,0.620025745,0.000361553,0.00026218,0.057873228,57.87322757,0.113616,19.75580649,1169.253871,27.5786845
-78.20272262,-0.330864,4071.983226,172.5,23,908.6259036,Gavi-mainstem,Gavilan Mainstem,Gavilan River Network,Gavilan Outlet,Gavilan Outlet,88.7472,6/22/21,605.5399379,0.25,2.962512872,0.2592,225.5606909,7.7205,6.735,627.3954,11.85005149,NA,NA,416.45,0.629460033,0.62015898,0.000375531,0.000262139,0.058191254,58.1912545,0.0216,3.273498051,1182.055795,4.594681901
-78.20255286,-0.330722,4073.785545,124.5,25,883.9961547,Gavi-mainstem,Gavilan Mainstem,Gavilan River Network,Gavilan Outlet,Gavilan Outlet,88.7103,6/22/21,605.5983241,0.025,0.269058692,0.02592,222.598178,7.6175,6.728,627.5844,10.76234768,NA,NA,416.45,0.629433111,0.620345508,0.00037568,0.000262127,0.058373953,58.37395263,0.00216,0.325864369,1189.448179,0.458811203
-78.20103024,-0.329534,4087.790096,50,54,668.2828087,Gavi-mainstem,Gavilan Mainstem,Gavilan River Network,Gavilan Outlet,Gavilan Outlet,82.9215,6/18/21,760.3268293,0.915,11.56022676,0.948672,139.3924654,7.9255,7.841,626.9214,12.63412761,2.791,0.1907,416.45,0.627120211,0.619691178,0.000471168,0.000261164,0.057829727,57.82972718,0.079056,6.509639213,1167.50934,9.080535814
-78.20087673,-0.329343,4090.21018,45.5,13,640.9930065,Gavi-mainstem,Gavilan Mainstem,Gavilan River Network,Gavilan Outlet,Gavilan Outlet,82.7595,6/18/21,794.6122934,0.99,17.87606931,1.026432,127.8322387,8.009,7.844,626.7724,18.05663567,NA,NA,416.45,0.626686547,0.619544126,0.000492297,0.000260984,0.057683266,57.68326573,0.085536,6.410584316,1161.64726,8.919882379
-78.20170784,-0.330135,4078.392053,111,39.5,769.4444454,Gavi-mainstem,Gavilan Mainstem,Gavilan River Network,Gavilan Outlet,Gavilan Outlet,83.4084,6/18/21,859.3492507,2.665,41.30755918,2.763072,189.3181805,7.745,7.825,626.9584,15.50002221,NA,NA,416.45,0.628269745,0.619727694,0.000532563,0.000261643,0.058147901,58.14790111,0.230256,14.61626795,1180.305688,20.50020108
-78.20077953,-0.329206,4092.826316,125,30.5,622.284922,Gavi-mainstem,Gavilan Mainstem,Gavilan River Network,Gavilan Outlet,Gavilan Outlet,82.5894,6/18/21,899.4165224,0.135,1.858168397,0.139968,109.9561694,8.0995,7.857,626.6184,13.76421035,NA,NA,416.45,0.62622473,0.61939214,0.000557092,0.000260791,0.057525043,57.52504273,0.011664,0.684318945,1155.334512,0.949591485
-78.20120445,-0.329722,4085.651831,75,47.5,696.8330336,Gavi-mainstem,Gavilan Mainstem,Gavilan River Network,Gavilan Outlet,Gavilan Outlet,83.3823,6/18/21,920.4262494,0.245,1.077992785,0.254016,140.4704582,7.89225,7.836,626.8364,4.399970549,NA,NA,416.45,0.627289559,0.619607289,0.000570303,0.000261235,0.057888176,57.88817641,0.021168,1.183139104,1169.853741,1.652060576
-78.20135943,-0.329866,4082.19048,92,32.5,720.3990958,Gavi-mainstem,Gavilan Mainstem,Gavilan River Network,Gavilan Outlet,Gavilan Outlet,83.3976,6/18/21,1095.07967,0.385,7.54016304,0.399168,148.0106213,7.80175,7.828,626.9944,19.58483906,NA,NA,416.45,0.627855423,0.619763223,0.00067869,0.00026147,0.058047633,58.04763349,0.033264,1.373488827,1176.264029,1.923100204
-78.20188644,-0.330257,4078.42127,110,16.5,793.5283416,Gavi-mainstem,Gavilan Mainstem,Gavilan River Network,Gavilan Outlet,Gavilan Outlet,83.4858,6/18/21,1183.100985,0.845,18.46248768,0.876096,207.7806681,7.71375,7.823,627.1674,21.84909785,NA,NA,416.45,0.628472552,0.619933961,0.000733444,0.000261727,0.058203206,58.20320581,0.073008,2.659144504,1182.538525,3.733137295
-78.20221485,-0.330476,4077.498993,127,29.5,837.467801,Gavi-mainstem,Gavilan Mainstem,Gavilan River Network,Gavilan Outlet,Gavilan Outlet,86.3172,6/18/21,1485.95789,0.505,10.62469418,0.523584,218.4053623,7.67625,7.817,627.2534,21.03899839,NA,NA,416.45,0.628666653,0.620018836,0.000921322,0.000261808,0.058269657,58.26965716,0.043632,1.135373795,1185.224751,1.595745385
-78.20239331,-0.330601,4075.514386,119.5,29,861.7144008,Gavi-mainstem,Gavilan Mainstem,Gavilan River Network,Gavilan Outlet,Gavilan Outlet,86.3226,6/18/21,1715.493786,0.45,3.923756995,0.46656,222.3291193,7.5945,7.816,627.3824,8.719459989,2.643,0.1286,416.45,0.629029005,0.62014615,0.001063857,0.000261959,0.058414846,58.41484593,0.03888,0.830011353,1191.106611,1.169455566
-78.20068617,-0.329048,4094.223282,87.5,71,601.8355694,Gavi-mainstem,Gavilan Mainstem,Gavilan River Network,Gavilan Outlet,Gavilan Outlet,82.3743,6/18/21,1758.938182,0.305,1.398382573,0.316224,108.098001,8.15625,7.868,626.4404,4.584860894,NA,NA,416.45,0.625883614,0.619216468,0.001089163,0.000260649,0.057426099,57.4260988,0.026352,0.553865459,1151.397477,0.767257767
-78.20066466,-0.329003,4095.136621,90,108,596.2797799,Gavi-mainstem,Gavilan Mainstem,Gavilan River Network,Gavilan Outlet,Gavilan Outlet,82.2564,6/18/21,2236.719952,0.515,5.37738367,0.533952,106.6996184,8.21225,7.875,626.3954,10.44152169,NA,NA,416.45,0.625731035,0.619172056,0.001384914,0.000260586,0.057328668,57.32866836,0.044496,0.690328464,1147.528645,0.954689011
-78.20060297,-0.328786,4101.786126,53.5,73,571.0524416,Gavi-mainstem,Gavilan Mainstem,Gavilan River Network,Gavilan Outlet,Gavilan Outlet,81.8145,6/18/21,4817.05608,0.505,6.309617203,0.523584,101.3222347,8.29475,7.886,626.1764,12.49429149,NA,NA,416.45,0.624727392,0.61895592,0.002981545,0.000260168,0.057185504,57.18550389,0.043632,0.280369233,1141.858155,0.386777149
-78.20060709,-0.328581,4102.626828,72.5,46.5,548.1782515,Gavi-mainstem,Gavilan Mainstem,Gavilan River Network,Gavilan Outlet,Gavilan Outlet,81.8082,6/18/21,7288.120455,0.75,12.57955507,0.7776,95.01261753,8.27225,7.89,626.2134,16.77274009,NA,NA,416.45,0.624664343,0.618992436,0.004511291,0.000260141,0.057224505,57.22450493,0.0648,0.266370751,1143.401221,0.36771406
-78.20061125,-0.328361,4103.530731,60.5,61,523.5859696,Gavi-mainstem,Gavilan Mainstem,Gavilan River Network,Gavilan Outlet,Gavilan Outlet,81.7794,6/18/21,7591.788998,0.6,15.25659339,0.62208,82.43306246,8.32425,7.897,626.0454,25.42765565,2.393,0.1063,416.45,0.62439149,0.618826633,0.004698001,0.000260028,0.057134419,57.1344189,0.05184,0.20444782,1139.838913,0.281791961